1,K2,권재범,189Cm,7/8/2001,86Kg,GK,75
2,K2,문광석,187Cm,3/2/1996,80Kg,GK,81
3,K2,이광연,184Cm,9/11/1999,85Kg,GK,1
4,K2,이범수,190Cm,12/10/1990,85Kg,GK,25
5,K4,강신우,186Cm,4/21/1999,75Kg,GK,25
6,K4,손정현,191Cm,11/25/1991,88Kg,GK,31
7,K4,이찬우,185Cm,6/27/1997,81Kg,GK,33
8,K4,황성민,188Cm,6/23/1991,83Kg,GK,1
9,K5,김태곤,186Cm,12/29/1998,78Kg,GK,23
10,K5,윤평국,189Cm,2/8/1992,85Kg,GK,1
11,K5,이진형,189Cm,2/22/1988,85Kg,GK,21
12,K6,구성윤,197Cm,6/27/1994,95Kg,GK,52
13,K6,이준희,192Cm,12/10/1993,89Kg,GK,25
14,K6,이학윤,189Cm,3/9/2000,75Kg,GK,41
15,K6,최영은,189Cm,9/26/1995,78Kg,GK,1
16,K6,하명래,194Cm,5/5/1999,93Kg,GK,31
17,K7,김근배,187Cm,8/7/1986,80Kg,GK,51
18,K7,김동준,189Cm,12/19/1994,85Kg,GK,23
19,K7,김진영,195Cm,3/2/1992,85Kg,GK,12
20,K7,김태양,188Cm,3/2/2000,64Kg,GK,25
21,K7,박주원,192Cm,10/19/1990,81Kg,GK,1
22,K7,안태윤,186Cm,3/2/2001,80Kg,GK,81
23,K8,김정호,185Cm,4/7/1998,77Kg,GK,25
24,K8,김호준,190Cm,6/21/1984,90Kg,GK,1
25,K8,최필수,190Cm,6/20/1991,85Kg,GK,21
26,K9,이영창,189Cm,1/10/1993,84Kg,GK,26
27,K9,이주현,188Cm,12/6/1998,78Kg,GK,31
28,K9,최봉진,193Cm,4/6/1992,88Kg,GK,1
29,M1,박지민,188Cm,5/25/2000,85Kg,GK,41
30,M1,이창근,186Cm,8/30/1993,75Kg,GK,21
31,M1,최철원,194Cm,7/23/1994,87Kg,GK,31
32,K1,백종범,190Cm,1/21/2001,82Kg,GK,31
33,K1,양한빈,195Cm,8/30/1991,90Kg,GK,21
34,K1,유상훈,194Cm,5/25/1989,84Kg,GK,1
35,K1,정진욱,188Cm,5/28/1997,78Kg,GK,30
36,K10,강정묵,188Cm,3/21/1996,82Kg,GK,25
37,K10,김형근,188Cm,1/6/1994,78Kg,GK,1
38,K10,문정인,193Cm,3/16/1998,83Kg,GK,31
39,K10,서동현,188Cm,9/5/1998,79Kg,GK,21
40,K11,김영광,183Cm,6/28/1983,87Kg,GK,41
41,K11,전종혁,186Cm,3/21/1996,80Kg,GK,1
42,K11,허자웅,185Cm,5/12/1998,70Kg,GK,31
43,K12,김다솔,188Cm,1/4/1989,80Kg,GK,1
44,K12,노동건,190Cm,10/4/1991,88Kg,GK,19
45,K12,안찬기,187Cm,4/6/1998,80Kg,GK,99
46,K12,양형모,185Cm,7/16/1991,84Kg,GK,21
47,K12,이이기,185Cm,6/26/1997,77Kg,GK,31
48,K13,박대한,183Cm,4/19/1996,77Kg,GK,36
49,K13,박배종,185Cm,10/23/1989,78Kg,GK,1
50,K13,유현,184Cm,8/1/1984,82Kg,GK,51
51,K13,이시환,191Cm,5/25/1998,85Kg,GK,25
52,K14,김선우,188Cm,4/22/1993,81Kg,GK,25
53,K14,이희선,188Cm,3/21/1997,80Kg,GK,41
54,K14,이희성,184Cm,5/27/1990,80Kg,GK,1
55,K3,김태훈,190Cm,4/24/1997,77Kg,GK,23
56,K3,양동원,188Cm,2/5/1987,82Kg,GK,1
57,K3,정민기,190Cm,2/9/1996,78Kg,GK,13
58,K15,민동환,187Cm,1/12/2001,78Kg,GK,88
59,K15,서주환,191Cm,6/24/1999,79Kg,GK,25
60,K15,조수혁,188Cm,3/18/1987,83Kg,GK,1
61,K15,조현우,189Cm,9/25/1991,75Kg,GK,21
62,K16,김동헌,186Cm,3/3/1997,80Kg,GK,31
63,K16,김유성,187Cm,3/31/2001,80Kg,GK,41
64,K16,이태희,188Cm,4/26/1995,81Kg,GK,21
65,K16,정산,191Cm,2/10/1989,84Kg,GK,1
66,K17,김병엽,188Cm,4/21/1999,78Kg,GK,29
67,K17,박준혁,183Cm,4/11/1987,84Kg,GK,1
68,K17,신지훈,191Cm,4/13/1998,84Kg,GK,31
69,K17,오찬식,191Cm,1/24/1997,85Kg,GK,21
70,K18,김정훈,188Cm,4/20/2001,80Kg,GK,51
71,K18,송범근,194Cm,10/15/1997,88Kg,GK,31
72,K18,이범영,197Cm,4/2/1989,95Kg,GK,1
73,K18,홍정남,186Cm,5/21/1988,84Kg,GK,21
74,K19,김경민,190Cm,11/1/1991,78Kg,GK,41
75,K19,오승훈,192Cm,6/30/1988,75Kg,GK,21
76,K19,유연수,193Cm,2/26/1998,89Kg,GK,31
77,K19,윤보상,184Cm,9/9/1993,84Kg,GK,1
78,K20,심민,187Cm,2/15/1998,76Kg,GK,21
79,K20,이기현,192Cm,12/16/1993,82Kg,GK,13
80,K20,함석민,190Cm,2/14/1994,90Kg,GK,1
81,K21,강현무,185Cm,3/13/1995,78Kg,GK,31
82,K21,노지훈,189Cm,4/1/1999,80Kg,GK,91
83,K21,이준,188Cm,7/14/1997,79Kg,GK,21
84,K21,조성훈,189Cm,4/21/1998,85Kg,GK,41
85,K21,황인재,187Cm,4/22/1994,73Kg,GK,1
86,K2,가솔현,192Cm,2/12/1991,87Kg,DF,30
87,K2,김수범,176Cm,10/2/1990,71Kg,DF,28
88,K2,김영빈,184Cm,9/20/1991,79Kg,DF,2
89,K2,송승준,186Cm,2/28/1997,84Kg,DF,77
90,K2,신광훈,178Cm,3/18/1987,73Kg,DF,17
91,K2,신재욱,175Cm,6/13/1999,68Kg,DF,37
92,K2,이강한,175Cm,4/7/2000,68Kg,DF,45
93,K2,이병욱,185Cm,11/14/1996,85Kg,DF,32
94,K2,이연규,182Cm,2/27/1998,73Kg,DF,33
95,K2,이호인,184Cm,12/29/1995,68Kg,DF,4
96,K2,임채민,188Cm,11/18/1990,82Kg,DF,26
97,K2,조윤성,183Cm,1/12/1999,80Kg,DF,20
98,K2,채광훈,170Cm,8/17/1993,72Kg,DF,19
99,K4,강의빈,188Cm,4/1/1998,83Kg,DF,40
100,K4,곽태휘,185Cm,7/8/1981,80Kg,DF,5
101,K4,김영한,176Cm,2/21/1998,66Kg,DF,26
102,K4,박창준,176Cm,12/23/1996,66Kg,DF,27
103,K4,박태홍,185Cm,3/25/1991,80Kg,DF,17
104,K4,배승진,182Cm,11/3/1987,75Kg,DF,4
105,K4,석상범,178Cm,4/25/1998,64Kg,DF,32
106,K4,심민용,190Cm,12/4/2001,77Kg,DF,34
107,K4,유지훈,173Cm,6/9/1988,66Kg,DF,3
108,K4,이광선,192Cm,9/6/1989,89Kg,DF,23
109,K4,이재명,182Cm,7/25/1991,74Kg,DF,6
110,K4,이형석,180Cm,7/25/2000,65Kg,DF,24
111,K4,최준,177Cm,4/17/1999,72Kg,DF,48
112,K5,김창수,179Cm,9/12/1985,72Kg,DF,27
113,K5,김태윤,181Cm,7/25/1986,76Kg,DF,4
114,K5,박준희,184Cm,3/1/1991,77Kg,DF,5
115,K5,아슐마토프,185Cm,7/7/1996,83Kg,DF,2
116,K5,이민기,175Cm,5/19/1993,61Kg,DF,30
117,K5,이순민,178Cm,5/22/1994,73Kg,DF,44
118,K5,이으뜸,177Cm,9/2/1989,73Kg,DF,8
119,K5,이한도,185Cm,3/16/1994,80Kg,DF,20
120,K5,정준연,178Cm,4/30/1989,70Kg,DF,3
121,K5,한용수,184Cm,5/5/1990,80Kg,DF,33
122,K5,한희훈,183Cm,8/10/1990,78Kg,DF,29
123,K5,홍준호,190Cm,10/11/1993,77Kg,DF,15
124,K6,고태규,190Cm,8/2/1996,83Kg,DF,55
125,K6,김동진,177Cm,12/28/1992,74Kg,DF,22
126,K6,김우석,187Cm,8/4/1996,74Kg,DF,3
127,K6,김재우,187Cm,2/6/1998,84Kg,DF,6
128,K6,김진혁,187Cm,6/3/1993,78Kg,DF,99
129,K6,김태한,183Cm,2/24/1996,77Kg,DF,33
130,K6,박재경,190Cm,4/28/2000,80Kg,DF,39
131,K6,이동건,183Cm,2/7/1999,69Kg,DF,28
132,K6,이진용,176Cm,5/1/2001,73Kg,DF,26
133,K6,이찬웅,185Cm,8/9/2000,70Kg,DF,35
134,K6,장성원,175Cm,6/17/1997,70Kg,DF,38
135,K6,정태욱,194Cm,5/16/1997,92Kg,DF,4
136,K6,조진우,189Cm,11/17/1999,81Kg,DF,66
137,K6,홍정운,187Cm,11/29/1994,76Kg,DF,5
138,K6,황태현,179Cm,1/29/1999,73Kg,DF,2
139,K7,고준희,185Cm,2/28/2000,82Kg,DF,35
140,K7,김선호,180Cm,3/29/2001,70Kg,DF,37
141,K7,김지훈,175Cm,6/26/2000,60Kg,DF,36
142,K7,변준수,190Cm,11/30/2001,88Kg,DF,55
143,K7,서영재1,182Cm,5/23/1995,71Kg,DF,54
144,K7,윤경보,185Cm,8/16/1995,76Kg,DF,5
145,K7,이규로,180Cm,8/20/1988,75Kg,DF,16
146,K7,이슬찬,172Cm,8/15/1993,65Kg,DF,13
147,K7,이웅희,182Cm,7/18/1988,78Kg,DF,33
148,K7,이정문,194Cm,3/18/1998,80Kg,DF,42
149,K7,이종현,172Cm,1/24/1997,65Kg,DF,2
150,K7,이지솔,182Cm,7/9/1999,65Kg,DF,4
151,K7,최재현,184Cm,4/20/1994,77Kg,DF,22
152,K7,황도연,183Cm,2/27/1991,74Kg,DF,20
153,K7,황재정,178Cm,7/6/1998,73Kg,DF,31
154,K7,황재훈,178Cm,11/25/1990,71Kg,DF,3
155,K8,강민수,186Cm,2/14/1986,76Kg,DF,4
156,K8,김동우,189Cm,2/5/1988,87Kg,DF,6
157,K8,김명준,184Cm,5/13/1994,80Kg,DF,15
158,K8,김문환,173Cm,8/1/1995,64Kg,DF,33
159,K8,도스톤벡,184Cm,6/13/1995,84Kg,DF,5
160,K8,박경민,173Cm,8/2/1999,60Kg,DF,27
161,K8,박준강,170Cm,6/6/1991,65Kg,DF,3
162,K8,박호영,194Cm,4/7/1999,84Kg,DF,35
163,K8,윤석영,182Cm,2/13/1990,74Kg,DF,17
164,K8,이상준,170Cm,10/14/1999,61Kg,DF,26
165,K8,이지민,175Cm,9/4/1993,74Kg,DF,19
166,K8,정호정,180Cm,9/1/1988,76Kg,DF,2
167,K8,홍진기,182Cm,10/20/1990,82Kg,DF,40
168,K8,황준호,190Cm,5/4/1998,84Kg,DF,45
169,K9,감한솔,176Cm,11/19/1993,67Kg,DF,32
170,K9,곽해성,180Cm,12/6/1991,70Kg,DF,2
171,K9,국태정,178Cm,9/13/1995,73Kg,DF,23
172,K9,권승리,187Cm,4/21/1997,80Kg,DF,16
173,K9,김영찬,189Cm,9/4/1993,84Kg,DF,5
174,K9,김호준,184Cm,3/18/1996,76Kg,DF,41
175,K9,윤신영,183Cm,5/22/1987,84Kg,DF,22
176,K9,이태호,186Cm,3/16/1991,84Kg,DF,4
177,K9,정호근,190Cm,3/17/1999,82Kg,DF,3
178,K9,주종대,175Cm,4/23/1996,68Kg,DF,17
179,M1,고명석,189Cm,9/27/1995,80Kg,DF,27
180,M1,권경원,188Cm,1/31/1992,83Kg,DF,15
181,M1,김동민,180Cm,8/16/1994,72Kg,DF,39
182,M1,김용환,175Cm,5/25/1993,67Kg,DF,37
183,M1,박병현,184Cm,3/28/1993,84Kg,DF,20
184,M1,심상민,172Cm,5/21/1993,70Kg,DF,34
185,M1,우주성,183Cm,6/8/1993,75Kg,DF,32
186,M1,이명재,182Cm,11/4/1993,68Kg,DF,3
187,M1,이상기,179Cm,5/7/1996,78Kg,DF,24
188,K1,강상희,178Cm,3/7/1998,70Kg,DF,28
189,K1,김남춘,184Cm,4/19/1989,78Kg,DF,4
190,K1,김원균,186Cm,5/1/1992,76Kg,DF,40
191,K1,김주성,186Cm,12/12/2000,76Kg,DF,6
192,K1,김진야,174Cm,6/30/1998,66Kg,DF,17
193,K1,윤영선,185Cm,10/4/1988,78Kg,DF,22
194,K1,윤종규,173Cm,3/20/1998,64Kg,DF,23
195,K1,조석영,187Cm,4/9/1997,81Kg,DF,34
196,K1,황현수,183Cm,7/22/1995,80Kg,DF,2
197,K10,김동권,187Cm,4/4/1992,86Kg,DF,20
198,K10,김민규,188Cm,4/1/1998,77Kg,DF,3
199,K10,김성현,183Cm,6/25/1993,78Kg,DF,35
200,K10,김수안,193Cm,6/10/1993,85Kg,DF,4
201,K10,김진환,186Cm,3/1/1989,78Kg,DF,5
202,K10,김태현,186Cm,9/17/2000,81Kg,DF,39
203,K10,박성우,180Cm,5/14/1996,78Kg,DF,15
204,K10,서경주,175Cm,8/11/1997,70Kg,DF,13
205,K10,이상민,188Cm,1/1/1998,77Kg,DF,7
206,K10,이시영,172Cm,4/21/1997,70Kg,DF,2
207,K10,이재훈,177Cm,1/10/1990,70Kg,DF,22
208,K11,마상훈,183Cm,7/25/1991,79Kg,DF,35
209,K11,박태민,180Cm,1/21/1986,74Kg,DF,13
210,K11,안영규,185Cm,12/4/1989,79Kg,DF,6
211,K11,연제운,185Cm,8/28/1994,78Kg,DF,20
212,K11,요바노비치,189Cm,5/3/1989,80Kg,DF,2
213,K11,이창용,180Cm,8/27/1990,76Kg,DF,4
214,K11,이태희,181Cm,6/16/1992,66Kg,DF,32
215,K11,임승겸,185Cm,4/26/1995,78Kg,DF,40
216,K11,최지묵,178Cm,10/9/1998,70Kg,DF,34
217,K11,최희원,185Cm,5/11/1999,78Kg,DF,8
218,K12,구대영,177Cm,5/9/1992,72Kg,DF,90
219,K12,김상준,185Cm,10/1/2001,75Kg,DF,20
220,K12,김태환,179Cm,3/25/2000,73Kg,DF,12
221,K12,민상기,184Cm,8/27/1991,77Kg,DF,39
222,K12,박대원,178Cm,2/25/1998,76Kg,DF,2
223,K12,손호준,175Cm,7/3/2002,65Kg,DF,66
224,K12,양상민,182Cm,2/24/1984,78Kg,DF,3
225,K12,윤서호,176Cm,2/2/1998,73Kg,DF,44
226,K12,이기제,175Cm,7/9/1991,72Kg,DF,33
227,K12,이용혁,188Cm,8/3/1996,84Kg,DF,15
228,K12,이풍연,188Cm,5/4/2000,83Kg,DF,27
229,K12,장호익,173Cm,12/4/1993,62Kg,DF,35
230,K12,조성진,188Cm,12/14/1990,77Kg,DF,5
231,K12,헨리,188Cm,4/20/1993,88Kg,DF,4
232,K13,강신명,183Cm,2/12/1997,82Kg,DF,24
233,K13,김범용,181Cm,7/29/1990,72Kg,DF,62
234,K13,김주엽,180Cm,4/5/2000,76Kg,DF,26
235,K13,민현홍,170Cm,8/28/1995,65Kg,DF,29
236,K13,박민규,177Cm,8/10/1995,67Kg,DF,3
237,K13,박세진,176Cm,12/15/1995,67Kg,DF,19
238,K13,이한샘,185Cm,10/18/1989,84Kg,DF,33
239,K13,장준영,184Cm,2/4/1993,77Kg,DF,5
240,K13,조유민,182Cm,11/17/1996,79Kg,DF,20
241,K13,최규백,188Cm,1/23/1994,77Kg,DF,28
242,K13,최종환,177Cm,8/12/1987,72Kg,DF,6
243,K14,김민호,188Cm,6/11/1997,85Kg,DF,20
244,K14,김진래,180Cm,5/1/1997,68Kg,DF,6
245,K14,민준영,170Cm,7/27/1996,66Kg,DF,12
246,K14,박종성,182Cm,3/4/1997,75Kg,DF,13
247,K14,박준영,185Cm,3/15/1995,78Kg,DF,3
248,K14,송주호,189Cm,3/20/1991,80Kg,DF,79
249,K14,안성민,185Cm,8/9/1999,74Kg,DF,5
250,K14,연제민,187Cm,5/28/1993,82Kg,DF,40
251,K14,이인재,187Cm,5/13/1992,78Kg,DF,4
252,K14,이준희,182Cm,6/1/1988,75Kg,DF,22
253,K14,이창훈,187Cm,11/16/1995,80Kg,DF,15
254,K14,임동현,188Cm,8/6/1997,81Kg,DF,44
255,K14,정호민,187Cm,3/31/1994,80Kg,DF,2
256,K14,조인홍,183Cm,5/4/1998,75Kg,DF,34
257,K3,권진영,180Cm,10/23/1991,72Kg,DF,22
258,K3,김동수,188Cm,2/21/1995,82Kg,DF,26
259,K3,김정민,172Cm,9/6/1995,65Kg,DF,29
260,K3,김형진,185Cm,12/20/1993,72Kg,DF,15
261,K3,박요한,177Cm,1/16/1989,73Kg,DF,64
262,K3,안세희,186Cm,2/8/1991,79Kg,DF,4
263,K3,유연승,175Cm,12/21/1991,73Kg,DF,14
264,K3,유종현,195Cm,3/14/1988,90Kg,DF,5
265,K3,이상용,180Cm,3/19/1994,65Kg,DF,20
266,K3,이선걸,172Cm,8/6/1997,62Kg,DF,19
267,K3,임준석,180Cm,10/20/1994,70Kg,DF,17
268,K3,정진구,185Cm,3/10/1998,73Kg,DF,37
269,K3,주현재,180Cm,5/26/1989,75Kg,DF,16
270,K3,최승훈,191Cm,1/16/2000,83Kg,DF,25
271,K3,최우재,185Cm,3/27/1990,76Kg,DF,2
272,K3,최호정,182Cm,12/8/1989,75Kg,DF,3
273,K15,김기희,188Cm,7/13/1989,80Kg,DF,44
274,K15,김민덕,183Cm,7/8/1996,78Kg,DF,5
275,K15,데이비슨,180Cm,6/29/1991,72Kg,DF,3
276,K15,박주호,175Cm,1/16/1987,71Kg,DF,6
277,K15,불투이스,192Cm,6/28/1990,78Kg,DF,4
278,K15,설영우,180Cm,12/5/1998,72Kg,DF,66
279,K15,이기운,191Cm,2/15/1997,80Kg,DF,45
280,K15,정동호,174Cm,3/7/1990,68Kg,DF,2
281,K15,정승현,188Cm,4/3/1994,74Kg,DF,15
282,K15,홍철,176Cm,9/17/1990,70Kg,DF,32
283,K16,강윤구,170Cm,2/8/1993,68Kg,DF,16
284,K16,김대중,188Cm,10/13/1992,83Kg,DF,50
285,K16,김민석,188Cm,8/11/1998,76Kg,DF,36
286,K16,김연수,186Cm,12/29/1993,75Kg,DF,23
287,K16,김정호,187Cm,5/31/1995,84Kg,DF,44
288,K16,김종진,179Cm,3/5/1996,75Kg,DF,37
289,K16,김준엽,178Cm,5/10/1988,75Kg,DF,17
290,K16,김채운,176Cm,3/20/2000,68Kg,DF,3
291,K16,박대한,173Cm,5/1/1991,71Kg,DF,66
292,K16,양준아,188Cm,6/13/1989,83Kg,DF,14
293,K16,오반석,190Cm,5/20/1988,80Kg,DF,26
294,K16,이재성,187Cm,7/5/1988,81Kg,DF,15
295,K16,정동윤,175Cm,4/3/1994,70Kg,DF,32
296,K16,최원창,187Cm,5/9/2001,86Kg,DF,28
297,K17,고태원,187Cm,5/10/1993,80Kg,DF,5
298,K17,곽광선,186Cm,3/28/1986,76Kg,DF,86
299,K17,김주원,185Cm,7/29/1991,83Kg,DF,66
300,K17,김진성,183Cm,6/16/1997,76Kg,DF,4
301,K17,남윤재,187Cm,4/14/2001,72Kg,DF,26
302,K17,박찬용,188Cm,1/27/1996,80Kg,DF,3
303,K17,오현교,181Cm,7/24/1999,70Kg,DF,12
304,K17,올렉,180Cm,7/5/1989,74Kg,DF,33
305,K17,이유현,179Cm,2/8/1997,74Kg,DF,11
306,K17,이지남,186Cm,11/21/1984,72Kg,DF,77
307,K17,장성록,186Cm,11/13/2001,83Kg,DF,55
308,K17,최익진,175Cm,5/3/1997,66Kg,DF,19
309,K17,최정훈,176Cm,3/9/1999,69Kg,DF,88
310,K17,최효진,172Cm,8/18/1983,71Kg,DF,2
311,K18,구자룡,182Cm,4/6/1992,77Kg,DF,15
312,K18,김민혁,187Cm,2/27/1992,73Kg,DF,92
313,K18,박원재,175Cm,5/28/1984,69Kg,DF,19
314,K18,윤지혁,190Cm,2/7/1998,85Kg,DF,23
315,K18,이용,180Cm,12/24/1986,74Kg,DF,2
316,K18,이주용,180Cm,9/26/1992,78Kg,DF,32
317,K18,최보경,184Cm,4/12/1988,79Kg,DF,6
318,K18,최철순,175Cm,2/8/1987,68Kg,DF,25
319,K18,홍정호,186Cm,8/12/1989,77Kg,DF,26
320,K19,강윤성,172Cm,7/1/1997,65Kg,DF,6
321,K19,권한진,187Cm,5/19/1988,77Kg,DF,5
322,K19,김경재,183Cm,7/24/1993,73Kg,DF,34
323,K19,김승우,184Cm,3/25/1998,70Kg,DF,3
324,K19,김영욱,175Cm,3/2/2000,63Kg,DF,27
325,K19,김오규,182Cm,6/20/1989,75Kg,DF,35
326,K19,김재봉,188Cm,9/6/1996,78Kg,DF,40
327,K19,김지운,176Cm,7/2/1990,62Kg,DF,2
328,K19,박민수,177Cm,7/27/1998,73Kg,DF,25
329,K19,박원재,176Cm,5/7/1994,66Kg,DF,33
330,K19,발렌티노스,188Cm,3/1/1990,85Kg,DF,4
331,K19,백동규,184Cm,5/30/1991,71Kg,DF,23
332,K19,이규혁,175Cm,5/4/1999,72Kg,DF,38
333,K19,임덕근,183Cm,2/25/2000,77Kg,DF,15
334,K19,임동혁,190Cm,6/8/1993,86Kg,DF,20
335,K19,정우재,179Cm,6/28/1992,70Kg,DF,22
336,K19,정운,180Cm,6/30/1989,76Kg,DF,13
337,K20,김민식,175Cm,3/18/1998,60Kg,DF,3
338,K20,김재성,178Cm,7/15/1999,72Kg,DF,19
339,K20,김한빈,173Cm,3/31/1991,65Kg,DF,22
340,K20,김한성,184Cm,10/29/1998,78Kg,DF,16
341,K20,박재우,177Cm,10/11/1995,70Kg,DF,27
342,K20,배수용,188Cm,6/7/1998,78Kg,DF,30
343,K20,이상수,185Cm,3/8/1999,85Kg,DF,50
344,K20,장순혁,188Cm,4/16/1993,78Kg,DF,5
345,K20,정다훤,181Cm,12/22/1987,78Kg,DF,2
346,K20,차영환,183Cm,7/16/1990,78Kg,DF,6
347,K21,강상우,176Cm,10/7/1993,62Kg,DF,13
348,K21,권완규,183Cm,11/20/1991,76Kg,DF,14
349,K21,김광석,183Cm,2/12/1983,73Kg,DF,3
350,K21,김민규,188Cm,11/25/1999,82Kg,DF,36
351,K21,김상원,176Cm,2/20/1992,69Kg,DF,17
352,K21,김주환,177Cm,2/17/2001,70Kg,DF,19
353,K21,민경현,189Cm,5/4/1998,77Kg,DF,15
354,K21,박재우,174Cm,3/6/1998,69Kg,DF,22
355,K21,오범석,181Cm,7/29/1984,79Kg,DF,47
356,K21,우민걸,176Cm,8/24/1999,64Kg,DF,25
357,K21,이도현,187Cm,2/17/1996,79Kg,DF,20
358,K21,전민광,187Cm,1/17/1993,73Kg,DF,4
359,K21,하창래,188Cm,10/16/1994,82Kg,DF,5
360,K2,김수혁,181Cm,4/27/1996,75Kg,MF,27
361,K2,나카자토,174Cm,3/29/1990,71Kg,MF,44
362,K2,서민우,183Cm,3/12/1998,75Kg,MF,22
363,K2,신세계,178Cm,9/16/1990,75Kg,MF,3
364,K2,이영재,174Cm,9/13/1994,60Kg,MF,34
365,K2,이재권,176Cm,7/30/1987,72Kg,MF,8
366,K2,이현식,175Cm,3/21/1996,64Kg,MF,29
367,K2,정석화,168Cm,5/17/1991,58Kg,MF,7
368,K2,조재완,174Cm,8/29/1995,70Kg,MF,18
369,K2,조지훈,191Cm,5/29/1990,80Kg,MF,6
370,K2,지의수,178Cm,3/25/2000,72Kg,MF,16
371,K2,한국영,183Cm,4/19/1990,76Kg,MF,14
372,K2,홍원진,184Cm,4/4/2000,83Kg,MF,42
373,K4,강승조,182Cm,1/20/1986,73Kg,MF,58
374,K4,고경민,177Cm,4/11/1987,73Kg,MF,19
375,K4,김경민,185Cm,8/15/1990,80Kg,MF,30
376,K4,김규표,176Cm,2/8/1999,72Kg,MF,88
377,K4,김형원,187Cm,2/22/1999,73Kg,MF,28
378,K4,백성동,171Cm,8/13/1991,66Kg,MF,22
379,K4,안성남,174Cm,4/17/1984,68Kg,MF,8
380,K4,장혁진,178Cm,12/6/1989,71Kg,MF,14
381,K4,정혁,175Cm,5/21/1986,70Kg,MF,15
382,K4,하성민,184Cm,6/13/1987,78Kg,MF,16
383,K4,한지호,180Cm,12/15/1988,74Kg,MF,66
384,K5,김윤수,178Cm,5/17/1994,70Kg,MF,45
385,K5,김진현,178Cm,9/28/1999,73Kg,MF,25
386,K5,박정수,182Cm,1/13/1987,74Kg,MF,6
387,K5,백도원,177Cm,3/18/1997,71Kg,MF,16
388,K5,여름,175Cm,6/22/1989,62Kg,MF,7
389,K5,여봉훈,178Cm,3/12/1994,70Kg,MF,14
390,K5,윌리안,170Cm,2/17/1994,69Kg,MF,94
391,K5,임민혁,168Cm,3/5/1997,64Kg,MF,10
392,K5,정현우,174Cm,7/12/2000,65Kg,MF,19
393,K5,최준혁,187Cm,9/5/1994,88Kg,MF,28
394,K6,김선민,167Cm,12/12/1991,65Kg,MF,8
395,K6,류재문,184Cm,11/8/1993,72Kg,MF,29
396,K6,박민서,175Cm,9/15/2000,68Kg,MF,16
397,K6,박한빈,183Cm,9/21/1997,80Kg,MF,45
398,K6,신창무,170Cm,9/17/1992,67Kg,MF,7
399,K6,오후성,173Cm,8/25/1999,64Kg,MF,13
400,K6,윤종태,178Cm,2/12/1998,76Kg,MF,30
401,K6,이근섭,193Cm,3/27/2000,80Kg,MF,36
402,K6,이진현,173Cm,8/26/1997,65Kg,MF,77
403,K6,정승원,170Cm,2/27/1997,68Kg,MF,18
404,K6,정영웅,174Cm,4/23/1997,69Kg,MF,19
405,K6,츠바사,173Cm,4/8/1990,66Kg,MF,44
406,K6,황순민,178Cm,9/14/1990,69Kg,MF,20
407,K7,공용훈,175Cm,5/10/1995,68Kg,MF,41
408,K7,구본상,179Cm,10/4/1989,70Kg,MF,8
409,K7,박인혁,184Cm,12/29/1995,70Kg,MF,17
410,K7,박진섭,182Cm,10/23/1995,75Kg,MF,15
411,K7,안동민,177Cm,5/11/1999,67Kg,MF,24
412,K7,에디뉴,159Cm,8/8/1994,68Kg,MF,59
413,K7,윤성한,180Cm,1/17/1998,70Kg,MF,27
414,K7,윤승원,186Cm,2/11/1995,74Kg,MF,7
415,K7,이호빈,175Cm,11/25/1999,63Kg,MF,32
416,K7,조재철,176Cm,5/18/1986,63Kg,MF,14
417,K7,채프만,188Cm,10/31/1994,83Kg,MF,6
418,K8,권혁규,190Cm,3/13/2001,77Kg,MF,30
419,K8,김정현,185Cm,6/1/1993,74Kg,MF,14
420,K8,김진규,177Cm,2/24/1997,68Kg,MF,23
421,K8,박종우,180Cm,3/10/1989,74Kg,MF,8
422,K8,성호영,172Cm,1/8/1999,64Kg,MF,44
423,K8,이규성,174Cm,5/10/1994,68Kg,MF,24
424,K8,이래준,192Cm,3/19/1997,72Kg,MF,29
425,K8,이지승,177Cm,1/11/1999,76Kg,MF,28
426,K8,호물로,173Cm,10/27/1995,77Kg,MF,10
427,K9,구본철,173Cm,10/11/1999,73Kg,MF,99
428,K9,김강산,184Cm,9/15/1998,77Kg,MF,20
429,K9,김영남,178Cm,3/24/1991,75Kg,MF,18
430,K9,박요한,183Cm,12/17/1994,78Kg,MF,8
431,K9,송홍민,184Cm,2/7/1996,83Kg,MF,6
432,K9,이정찬,180Cm,6/28/1995,68Kg,MF,13
433,K9,장현수,179Cm,1/1/1993,76Kg,MF,7
434,K9,조범석,182Cm,1/9/1990,77Kg,MF,10
435,K9,조수철,180Cm,10/30/1990,71Kg,MF,14
436,K9,최병찬,178Cm,4/4/1996,73Kg,MF,15
437,K9,추민열,173Cm,1/10/1999,64Kg,MF,21
438,M1,강지훈,177Cm,1/6/1997,64Kg,MF,42
439,M1,문창진,170Cm,7/12/1993,63Kg,MF,13
440,M1,박용우,186Cm,9/10/1993,80Kg,MF,8
441,M1,안태현,174Cm,3/1/1993,70Kg,MF,25
442,M1,이동수,185Cm,6/3/1994,72Kg,MF,23
443,M1,이정빈,173Cm,1/11/1995,63Kg,MF,33
444,M1,정원진,176Cm,8/10/1994,65Kg,MF,36
445,M1,정재희,174Cm,4/28/1994,70Kg,MF,38
446,K1,고광민,175Cm,9/21/1988,67Kg,MF,27
447,K1,고요한,170Cm,3/10/1988,65Kg,MF,13
448,K1,기성용,186Cm,1/24/1989,75Kg,MF,8
449,K1,김민수,170Cm,10/29/1997,58Kg,MF,29
450,K1,김원식,185Cm,11/5/1991,75Kg,MF,15
451,K1,김진성,176Cm,12/9/1999,66Kg,MF,26
452,K1,송진형,176Cm,8/13/1987,69Kg,MF,39
453,K1,알리바예프,173Cm,1/9/1994,65Kg,MF,9
454,K1,양유민,180Cm,10/11/1999,68Kg,MF,35
455,K1,오민규,179Cm,2/16/2001,70Kg,MF,38
456,K1,오스마르,192Cm,6/5/1988,83Kg,MF,5
457,K1,이승재,182Cm,2/6/1998,70Kg,MF,18
458,K1,정현철,187Cm,4/26/1993,72Kg,MF,24
459,K1,주세종,176Cm,10/30/1990,72Kg,MF,16
460,K1,차오연,186Cm,4/15/1998,77Kg,MF,20
461,K1,한승규,174Cm,9/28/1996,65Kg,MF,66
462,K1,한찬희,181Cm,3/17/1997,75Kg,MF,25
463,K10,고재현,180Cm,3/5/1999,67Kg,MF,77
464,K10,곽성욱,166Cm,7/12/1993,66Kg,MF,29
465,K10,김민균,173Cm,11/30/1988,68Kg,MF,10
466,K10,문상윤,179Cm,1/9/1991,70Kg,MF,17
467,K10,서재민,171Cm,12/4/1997,67Kg,MF,24
468,K10,아르시치,173Cm,9/24/1991,69Kg,MF,9
469,K10,유정완,177Cm,4/5/1996,70Kg,MF,14
470,K10,장윤호,178Cm,8/25/1996,68Kg,MF,34
471,K10,최재훈,174Cm,11/20/1995,70Kg,MF,23
472,K10,최한솔,187Cm,3/16/1997,81Kg,MF,6
473,K11,권순형,176Cm,6/16/1986,73Kg,MF,7
474,K11,김기열,176Cm,11/14/1998,65Kg,MF,25
475,K11,김동현,182Cm,6/11/1997,72Kg,MF,14
476,K11,김민혁,182Cm,8/16/1992,70Kg,MF,92
477,K11,박수일,178Cm,2/22/1996,68Kg,MF,3
478,K11,박태준,175Cm,1/19/1999,62Kg,MF,28
479,K11,서보민,175Cm,6/22/1990,64Kg,MF,11
480,K11,유인수,178Cm,12/28/1994,70Kg,MF,27
481,K11,윤용호,173Cm,3/6/1996,68Kg,MF,22
482,K11,이스칸데로프,168Cm,10/16/1993,60Kg,MF,16
483,K11,임선영,185Cm,3/21/1988,78Kg,MF,5
484,K11,전승민,174Cm,12/15/2000,73Kg,MF,30
485,K11,최오백,177Cm,3/10/1992,69Kg,MF,17
486,K12,강현묵,175Cm,3/28/2001,60Kg,MF,36
487,K12,고승범,173Cm,4/24/1994,70Kg,MF,77
488,K12,김민우,174Cm,2/25/1990,66Kg,MF,10
489,K12,김종우,181Cm,10/1/1993,70Kg,MF,17
490,K12,김준형,177Cm,4/5/1996,73Kg,MF,22
491,K12,명준재,178Cm,7/2/1994,68Kg,MF,23
492,K12,신상휘,176Cm,7/14/2000,73Kg,MF,30
493,K12,안토니스,180Cm,11/26/1993,73Kg,MF,8
494,K12,염기훈,182Cm,3/30/1983,80Kg,MF,26
495,K12,이강희,189Cm,8/24/2001,72Kg,MF,42
496,K12,이상민,175Cm,5/2/1995,71Kg,MF,24
497,K12,이종성,187Cm,8/5/1992,72Kg,MF,16
498,K12,최성근,183Cm,7/28/1991,73Kg,MF,25
499,K12,한석종,186Cm,7/19/1992,80Kg,MF,6
500,K13,김건웅,185Cm,8/29/1997,81Kg,MF,4
501,K13,김재헌,172Cm,7/26/1996,66Kg,MF,8
502,K13,김창헌,173Cm,7/6/1999,65Kg,MF,27
503,K13,말로니,180Cm,4/2/1992,75Kg,MF,10
504,K13,배신영,180Cm,6/11/1992,69Kg,MF,34
505,K13,이지훈,176Cm,3/24/1994,69Kg,MF,17
506,K13,장성재,178Cm,9/12/1995,69Kg,MF,13
507,K13,정선호,182Cm,3/25/1989,78Kg,MF,14
508,K13,정재용,188Cm,9/14/1990,83Kg,MF,66
509,K13,황병권,175Cm,5/22/2000,70Kg,MF,31
510,K14,김경학,182Cm,3/15/1995,72Kg,MF,30
511,K14,김대열,176Cm,4/12/1987,70Kg,MF,27
512,K14,김연왕,178Cm,10/19/1993,70Kg,MF,21
513,K14,김재석,175Cm,2/1/2001,65Kg,MF,7
514,K14,김태현,175Cm,12/19/1996,71Kg,MF,77
515,K14,김현태,187Cm,11/14/1994,74Kg,MF,66
516,K14,송진규,176Cm,7/12/1997,72Kg,MF,24
517,K14,신재원,183Cm,9/16/1998,75Kg,MF,17
518,K14,이지훈,175Cm,6/19/1995,70Kg,MF,14
519,K14,임채관,175Cm,10/28/1995,68Kg,MF,23
520,K14,최명희,176Cm,9/4/1990,75Kg,MF,16
521,K3,구본혁,175Cm,2/9/1998,68Kg,MF,27
522,K3,권승철,178Cm,3/8/1997,72Kg,MF,18
523,K3,닐손주니어,185Cm,3/31/1989,85Kg,MF,6
524,K3,맹성웅,183Cm,2/4/1998,70Kg,MF,8
525,K3,송진욱,175Cm,8/20/1996,71Kg,MF,32
526,K3,주현우,173Cm,9/12/1990,67Kg,MF,99
527,K3,허범산,180Cm,9/14/1989,72Kg,MF,10
528,K3,황문기,176Cm,12/8/1996,70Kg,MF,88
529,K15,고명진,185Cm,1/9/1988,77Kg,MF,22
530,K15,김명준,183Cm,2/12/2000,74Kg,MF,13
531,K15,김성준,174Cm,4/8/1988,68Kg,MF,17
532,K15,김태환,177Cm,7/24/1989,72Kg,MF,23
533,K15,신진호,177Cm,9/7/1988,72Kg,MF,8
534,K15,원두재,187Cm,11/18/1997,80Kg,MF,16
535,K15,윤빛가람,178Cm,5/7/1990,75Kg,MF,10
536,K15,이동경,175Cm,9/20/1997,68Kg,MF,14
537,K15,이상헌,178Cm,2/26/1998,67Kg,MF,98
538,K15,이청용,180Cm,7/2/1988,69Kg,MF,72
539,K15,이현승,179Cm,6/15/2000,71Kg,MF,24
540,K15,이형경,194Cm,5/11/1998,85Kg,MF,29
541,K15,조현택,180Cm,8/2/2001,65Kg,MF,26
542,K16,김도혁,173Cm,2/8/1992,71Kg,MF,7
543,K16,김성주,179Cm,11/15/1990,73Kg,MF,22
544,K16,김준범,177Cm,1/14/1998,72Kg,MF,13
545,K16,마하지,182Cm,4/20/1992,75Kg,MF,5
546,K16,문지환,185Cm,7/26/1994,71Kg,MF,4
547,K16,아길라르,174Cm,11/7/1991,75Kg,MF,10
548,K16,안진범,174Cm,3/10/1992,69Kg,MF,8
549,K16,유성형,178Cm,5/27/1998,68Kg,MF,34
550,K16,이상협,176Cm,1/1/1990,67Kg,MF,18
551,K16,이우혁,185Cm,2/24/1993,76Kg,MF,24
552,K16,이제호,184Cm,7/10/1997,77Kg,MF,25
553,K16,이호석,174Cm,5/21/1991,65Kg,MF,30
554,K16,임은수,182Cm,4/1/1996,68Kg,MF,6
555,K16,정창용,173Cm,7/13/1998,70Kg,MF,39
556,K16,최범경,176Cm,6/24/1997,73Kg,MF,40
557,K16,표건희,180Cm,8/6/1997,72Kg,MF,33
558,K16,함휘진,177Cm,3/11/1998,69Kg,MF,38
559,K17,김선우,174Cm,4/19/1993,72Kg,MF,30
560,K17,김한길,178Cm,6/21/1995,65Kg,MF,13
561,K17,김현욱,160Cm,6/22/1995,61Kg,MF,99
562,K17,김효찬,170Cm,1/21/1998,60Kg,MF,44
563,K17,안재홍,170Cm,3/1/1998,60Kg,MF,14
564,K17,이후권,180Cm,10/30/1990,75Kg,MF,16
565,K17,임창균,173Cm,4/19/1990,70Kg,MF,7
566,K17,정호진,182Cm,8/6/1999,72Kg,MF,20
567,K17,호도우프,173Cm,5/3/1993,70Kg,MF,10
568,K17,황기욱,184Cm,6/10/1996,74Kg,MF,6
569,K18,김보경,176Cm,10/6/1989,72Kg,MF,13
570,K18,명세진,175Cm,5/24/2001,68Kg,MF,27
571,K18,무릴로,177Cm,11/20/1994,76Kg,MF,10
572,K18,바로우,177Cm,10/13/1992,60Kg,MF,37
573,K18,손준호,178Cm,5/12/1992,62Kg,MF,28
574,K18,신형민,182Cm,7/18/1986,76Kg,MF,44
575,K18,이수빈,180Cm,5/7/2000,70Kg,MF,57
576,K18,이승기,177Cm,6/2/1988,67Kg,MF,14
577,K18,이시헌,176Cm,5/4/1998,64Kg,MF,77
578,K18,한교원,182Cm,6/15/1990,73Kg,MF,7
579,K19,권성현,184Cm,2/22/2001,74Kg,MF,28
580,K19,김영욱,177Cm,4/29/1991,70Kg,MF,14
581,K19,류승우,174Cm,12/17/1993,68Kg,MF,11
582,K19,백승우,167Cm,4/27/1999,63Kg,MF,30
583,K19,안현범,179Cm,12/21/1994,74Kg,MF,17
584,K19,이동희,181Cm,7/3/1996,70Kg,MF,16
585,K19,이찬동,183Cm,1/10/1993,80Kg,MF,39
586,K19,이창민,178Cm,1/20/1994,74Kg,MF,8
587,K20,김강국,180Cm,1/7/1997,70Kg,MF,8
588,K20,김민석,175Cm,9/20/1997,60Kg,MF,23
589,K20,김인균,173Cm,7/23/1998,64Kg,MF,77
590,K20,김종국,180Cm,1/8/1989,73Kg,MF,20
591,K20,박세직,178Cm,5/25/1989,76Kg,MF,24
592,K20,송환영,183Cm,10/11/1997,72Kg,MF,17
593,K20,이명건,189Cm,7/27/1994,85Kg,MF,42
594,K20,이상민,180Cm,8/30/1999,72Kg,MF,15
595,K20,주원석,177Cm,1/19/1996,75Kg,MF,12
596,K21,고영준,169Cm,7/9/2001,68Kg,MF,79
597,K21,박재훈,174Cm,9/1/1998,67Kg,MF,27
598,K21,양태렬,179Cm,5/25/1995,73Kg,MF,24
599,K21,오닐,180Cm,4/12/1994,79Kg,MF,8
600,K21,이승모,185Cm,3/30/1998,70Kg,MF,16
601,K21,최영준,181Cm,12/15/1991,76Kg,MF,6
602,K21,최재영,181Cm,3/18/1998,73Kg,MF,28
603,K21,팔로세비치,180Cm,8/22/1993,70Kg,MF,26
604,K2,고무열,186Cm,9/5/1990,80Kg,FW,10
605,K2,김경중,179Cm,4/16/1991,69Kg,FW,66
606,K2,김승대,175Cm,4/1/1991,64Kg,FW,12
607,K2,김지현,184Cm,7/22/1996,80Kg,FW,9
608,K2,박경배,182Cm,2/15/2001,72Kg,FW,88
609,K2,정민우,179Cm,9/27/2000,71Kg,FW,13
610,K2,정지용,179Cm,12/15/1998,69Kg,FW,15
611,K4,김영근,174Cm,2/17/1997,67Kg,FW,41
612,K4,김종진,177Cm,4/12/1999,63Kg,FW,18
613,K4,김준혁,175Cm,1/9/2001,62Kg,FW,29
614,K4,김호수,184Cm,6/8/1998,73Kg,FW,42
615,K4,네게바,177Cm,4/7/1992,65Kg,FW,77
616,K4,도동현,173Cm,11/19/1993,68Kg,FW,21
617,K4,박기동,191Cm,11/1/1988,83Kg,FW,20
618,K4,배기종,180Cm,5/26/1983,75Kg,FW,7
619,K4,제리치,193Cm,5/28/1992,92Kg,FW,55
620,K4,황일수,173Cm,8/8/1987,72Kg,FW,11
621,K5,김정환,175Cm,1/4/1997,65Kg,FW,11
622,K5,김주공,180Cm,4/23/1996,66Kg,FW,22
623,K5,김효기,179Cm,7/3/1986,75Kg,FW,18
624,K5,두현석,169Cm,12/21/1995,65Kg,FW,13
625,K5,마르코,179Cm,3/5/1990,79Kg,FW,61
626,K5,엄원상,171Cm,1/6/1999,63Kg,FW,17
627,K5,이희균,168Cm,4/29/1998,63Kg,FW,24
628,K5,펠리페,193Cm,4/3/1992,90Kg,FW,9
629,K5,허율,192Cm,4/12/2001,82Kg,FW,99
630,K6,김대원,171Cm,2/10/1997,65Kg,FW,14
631,K6,데얀,187Cm,7/27/1981,81Kg,FW,27
632,K6,세징야,177Cm,11/29/1989,74Kg,FW,11
633,K6,신중,175Cm,11/13/2001,71Kg,FW,40
634,K6,안창민,189Cm,6/28/2001,81Kg,FW,42
635,K6,에드가,191Cm,1/3/1987,87Kg,FW,9
636,K6,임재혁,180Cm,2/6/1999,66Kg,FW,15
637,K6,정치인,182Cm,8/21/1997,71Kg,FW,32
638,K7,김세윤,174Cm,4/29/1999,65Kg,FW,28
639,K7,김승섭,177Cm,11/1/1996,65Kg,FW,11
640,K7,바이오,197Cm,10/3/1995,103Kg,FW,9
641,K7,박예찬,173Cm,1/16/2001,65Kg,FW,30
642,K7,박용지,183Cm,10/9/1992,74Kg,FW,19
643,K7,안드레,179Cm,4/21/1997,70Kg,FW,10
644,K7,정희웅,175Cm,5/18/1995,60Kg,FW,29
645,K8,김병오,183Cm,6/26/1989,86Kg,FW,7
646,K8,김승준,180Cm,9/11/1994,70Kg,FW,22
647,K8,김현,190Cm,5/3/1993,86Kg,FW,13
648,K8,박관우,180Cm,6/4/1996,81Kg,FW,32
649,K8,빈치씽코,193Cm,8/2/1995,92Kg,FW,9
650,K8,이동준,173Cm,2/1/1997,65Kg,FW,11
651,K8,이정협,186Cm,6/24/1991,76Kg,FW,18
652,K8,정성민,184Cm,5/2/1989,85Kg,FW,20
653,K9,바비오,175Cm,10/22/1992,77Kg,FW,11
654,K9,서명원,180Cm,4/19/1995,78Kg,FW,24
655,K9,이광재,170Cm,6/10/1998,65Kg,FW,77
656,K9,이현일,182Cm,9/13/1994,77Kg,FW,9
657,K9,조건규,185Cm,10/15/1998,76Kg,FW,19
658,M1,김보섭,183Cm,1/10/1998,74Kg,FW,26
659,M1,문선민,172Cm,6/9/1992,68Kg,FW,17
660,M1,박동진,182Cm,12/10/1994,72Kg,FW,28
661,M1,오세훈,193Cm,1/15/1999,85Kg,FW,18
662,M1,오현규,183Cm,4/12/2001,72Kg,FW,35
663,M1,이근호,185Cm,5/21/1996,85Kg,FW,19
664,M1,전세진,181Cm,9/9/1999,69Kg,FW,22
665,M1,허용준,184Cm,1/8/1993,75Kg,FW,29
666,K1,권성윤,174Cm,3/30/2001,65Kg,FW,36
667,K1,박주영,182Cm,7/10/1985,75Kg,FW,10
668,K1,아드리아노,171Cm,9/28/1987,68Kg,FW,7
669,K1,윤주태,181Cm,6/22/1990,78Kg,FW,19
670,K1,이인규,180Cm,1/16/2000,69Kg,FW,33
671,K1,정한민,180Cm,1/8/2001,68Kg,FW,37
672,K1,조영욱,181Cm,2/5/1999,73Kg,FW,11
673,K10,레안드로,176Cm,1/13/1995,75Kg,FW,70
674,K10,손석용,179Cm,9/4/1998,78Kg,FW,26
675,K10,수쿠타 파수,190Cm,6/24/1990,95Kg,FW,19
676,K10,원기종,178Cm,1/6/1996,75Kg,FW,18
677,K10,이건희,186Cm,2/17/1998,78Kg,FW,88
678,K10,이민규,177Cm,2/9/1996,74Kg,FW,16
679,K10,전석훈,170Cm,12/3/1997,63Kg,FW,11
680,K11,김소웅,180Cm,6/17/1999,65Kg,FW,29
681,K11,김현성,186Cm,9/27/1989,77Kg,FW,9
682,K11,나상호,173Cm,8/12/1996,70Kg,FW,23
683,K11,양동현,186Cm,3/28/1986,80Kg,FW,18
684,K11,이재원,173Cm,2/21/1997,66Kg,FW,19
685,K11,이중민,187Cm,11/3/1999,78Kg,FW,36
686,K11,토미,180Cm,4/4/1994,75Kg,FW,10
687,K11,홍시후,177Cm,1/8/2001,70Kg,FW,37
688,K12,김건희,186Cm,2/22/1995,79Kg,FW,14
689,K12,박상혁,165Cm,4/20/1998,60Kg,FW,98
690,K12,임상협,180Cm,7/8/1988,73Kg,FW,11
691,K12,정상빈,175Cm,4/1/2002,72Kg,FW,97
692,K12,타가트,180Cm,6/2/1993,73Kg,FW,18
693,K12,한석희,170Cm,5/16/1996,66Kg,FW,13
694,K12,한의권,180Cm,6/30/1994,72Kg,FW,9
695,K13,김도형,180Cm,10/6/1990,70Kg,FW,77
696,K13,다닐로,187Cm,4/11/1991,85Kg,FW,99
697,K13,라스,197Cm,8/21/1991,94Kg,FW,23
698,K13,마사,180Cm,5/4/1995,68Kg,FW,18
699,K13,모재현,184Cm,9/24/1996,74Kg,FW,11
700,K13,송수영,175Cm,7/8/1991,70Kg,FW,7
701,K13,안병준,183Cm,5/22/1990,75Kg,FW,9
702,K13,유주안,177Cm,10/1/1998,70Kg,FW,16
703,K13,전정호,166Cm,1/6/1999,52Kg,FW,22
704,K13,한정우,169Cm,12/26/1998,64Kg,FW,21
705,K14,김경준,178Cm,10/1/1996,73Kg,FW,8
706,K14,김륜도,187Cm,7/9/1991,74Kg,FW,18
707,K14,까뇨뚜,179Cm,3/30/1997,68Kg,FW,10
708,K14,사드,178Cm,8/17/1992,72Kg,FW,92
709,K14,심재민,184Cm,10/7/1997,75Kg,FW,19
710,K14,주현호,184Cm,3/1/1996,77Kg,FW,11
711,K14,최건주,175Cm,6/26/1999,64Kg,FW,33
712,K14,펠리팡,197Cm,2/18/1995,97Kg,FW,9
713,K3,권기표,175Cm,6/26/1997,71Kg,FW,7
714,K3,권용현,170Cm,10/23/1991,72Kg,FW,24
715,K3,김경민,185Cm,1/22/1997,78Kg,FW,94
716,K3,마우리데스,189Cm,3/10/1994,93Kg,FW,9
717,K3,아코스티,178Cm,9/10/1991,76Kg,FW,11
718,K3,유종우,180Cm,2/14/1998,65Kg,FW,21
719,K3,하남,185Cm,12/7/1998,75Kg,FW,44
720,K15,김인성,180Cm,9/9/1989,74Kg,FW,7
721,K15,박정인,178Cm,10/7/2000,70Kg,FW,99
722,K15,박하빈,182Cm,4/23/1997,70Kg,FW,33
723,K15,비욘존슨,196Cm,11/6/1991,81Kg,FW,19
724,K15,이근호,176Cm,4/11/1985,74Kg,FW,11
725,K15,장재원,178Cm,4/21/1998,70Kg,FW,27
726,K15,정훈성,172Cm,2/22/1994,70Kg,FW,30
727,K15,주니오,187Cm,12/30/1986,85Kg,FW,9
728,K16,김호남,177Cm,6/14/1989,74Kg,FW,11
729,K16,무고사,189Cm,2/26/1992,81Kg,FW,9
730,K16,송시우,174Cm,8/28/1993,72Kg,FW,19
731,K16,이종욱,180Cm,1/26/1999,73Kg,FW,35
732,K16,이준석,179Cm,4/7/2000,68Kg,FW,29
733,K16,지언학,177Cm,3/22/1994,72Kg,FW,27
734,K17,김보용,180Cm,7/15/1997,73Kg,FW,18
735,K17,에르난데스,183Cm,9/2/1999,75Kg,FW,98
736,K17,이종호,180Cm,2/24/1992,77Kg,FW,8
737,K17,임찬울,176Cm,7/14/1994,71Kg,FW,34
738,K17,조윤형,178Cm,6/2/1996,70Kg,FW,28
739,K17,쥴리안,199Cm,5/10/1997,88Kg,FW,9
740,K17,추정호,182Cm,12/9/1997,73Kg,FW,23
741,K17,하승운,177Cm,5/4/1998,74Kg,FW,17
742,K18,구스타보,189Cm,3/29/1994,83Kg,FW,9
743,K18,나성은,174Cm,4/6/1996,63Kg,FW,18
744,K18,이동국,187Cm,4/29/1979,82Kg,FW,20
745,K18,이성윤,180Cm,10/31/2000,68Kg,FW,29
746,K18,조규성,185Cm,1/25/1998,70Kg,FW,11
747,K18,쿠니모토,174Cm,10/8/1997,76Kg,FW,17
748,K19,공민현,182Cm,1/19/1990,70Kg,FW,19
749,K19,김현우,180Cm,4/23/1999,68Kg,FW,26
750,K19,서진수,183Cm,10/18/2000,71Kg,FW,24
751,K19,이동률,174Cm,6/9/2000,66Kg,FW,37
752,K19,정상규,175Cm,9/8/1998,62Kg,FW,32
753,K19,정조국,186Cm,4/23/1984,77Kg,FW,9
754,K19,조성준,176Cm,11/27/1990,72Kg,FW,7
755,K19,주민규,183Cm,4/13/1990,79Kg,FW,18
756,K19,진성욱,183Cm,12/16/1993,82Kg,FW,10
757,K20,김원석,179Cm,12/10/1997,68Kg,FW,32
758,K20,김재철,170Cm,2/19/1996,60Kg,FW,33
759,K20,김찬,189Cm,4/25/2000,82Kg,FW,9
760,K20,남희철,184Cm,5/2/1995,80Kg,FW,18
761,K20,무야키치,187Cm,3/7/1995,80Kg,FW,10
762,K20,박민서,182Cm,6/30/1998,65Kg,FW,11
763,K20,브루노,181Cm,4/8/1999,75Kg,FW,70
764,K20,이은범,182Cm,1/30/1996,72Kg,FW,47
765,K20,이재건,181Cm,2/22/1997,72Kg,FW,99
766,K20,이준호,176Cm,4/6/2000,78Kg,FW,14
767,K20,헬퀴스트,184Cm,5/21/1991,73Kg,FW,7
768,K21,김동범,180Cm,8/20/2000,78Kg,FW,29
769,K21,남준재,183Cm,4/7/1988,75Kg,FW,9
770,K21,문경민,188Cm,4/2/2000,82Kg,FW,18
771,K21,송민규,179Cm,9/12/1999,72Kg,FW,12
772,K21,송승민,186Cm,1/11/1992,77Kg,FW,92
773,K21,심동운,169Cm,3/3/1990,67Kg,FW,7
774,K21,이광혁,169Cm,9/11/1995,60Kg,FW,11
775,K21,이지용,176Cm,4/1/1999,68Kg,FW,99
776,K21,일류첸코,187Cm,8/13/1990,82Kg,FW,10
777,K21,팔라시오스,183Cm,2/13/1993,75Kg,FW,77