<?xml version="1.0" encoding="UTF-8"?>
<beans xmlns="http://www.springframework.org/schema/beans"
	xmlns:xsi="http://www.w3.org/2001/XMLSchema-instance"
	xsi:schemaLocation="http://www.springframework.org/schema/beans http://www.springframework.org/schema/beans/spring-beans-4.3.xsd">
	
	<!--
	<bean name="/form.do" class="org.springframework.web.servlet.mvc.ParameterizableViewController">
		<property name="viewName" value="form" />
	</bean>
	
	<bean name="/form_ok.do" class="org.springframework.web.servlet.mvc.ParameterizableViewController">
		<property name="viewName" value="form_ok" />
	</bean>
	-->
	
	<bean name="/zipcode.daum" class="model2.ZipcodeAction" />
	<bean name="/zipcode_ok.daum" class="model2.ZipcodeOKAction" />
	
	<bean class="org.springframework.web.servlet.view.InternalResourceViewResolver">
		<property name="prefix" value="/WEB-INF/views/"/>
		<property name="suffix" value=".jsp"/>
	</bean>
</beans>